{"means": {"T2M": 24.47992402756335, "RH2M": 77.95338172373329, "PRECTOTCORR": 0.43393429042031345, "PS": 99.63653835657836, "WS10M": 2.4138833659835086}, "stds": {"T2M": 5.274028105478275, "RH2M": 15.663464338756853, "PRECTOTCORR": 1.1492326701215325, "PS": 0.5421754809972616, "WS10M": 1.1720310468826156}}