{"means": {"T2M": 24.47992402756254, "RH2M": 77.95338172373128, "PRECTOTCORR": 0.4339342904203581, "PS": 99.63653835657826, "WS10M": 2.4138833659834513}, "stds": {"T2M": 5.274028105478275, "RH2M": 15.663464338756853, "PRECTOTCORR": 1.1492326701215325, "PS": 0.5421754809972616, "WS10M": 1.1720310468826156}}